slug,level
ahrq,Federal
aigovus,Federal
aspehhsgovus,Federal
atlantafed,Federal
austintexasgov,Local
baltimorecitygov,Local
baltimorecouncil,Local
bostonfed,Federal
bostongov,Local
californialao,State
californiaresearchbureau,State
californiastateagencies,State
californiastateauditor,State
cdc,Federal
chicagofed,Federal
chicagogov,Local
cityofalbuquerque,Local
cityofatlanta,Local
cityofbaltimore,Local
cityofcharlotte,Local
cityofcolumbus,Local
cityofdallas,Local
cityofdenver,Local
cityofdetroit,Local
cityofelpaso,Local
cityoffresno,Local
cityofgrandrapids,Local
cityofjacksonville,Local
cityoflasvegas,Local
cityoflouisville,Local
cityofmemphis,Local
cityofmesa,Local
cityofmiami,Local
cityofmilwaukee,Local
cityofminneapolis,Local
cityofnashville,Local
cityofokc,Local
cityofphoenix,Local
cityofportland,Local
cityofraleigh,Local
cityofsacramento,Local
cityofsandiego,Local
cityofsanjose,Local
cityoftucson,Local
clevelandfed,Federal
coloradolegresearch,State
commercegov,Federal
committeehouse,Federal
committeesenate,Federal
committeestaffreports,Federal
congressionalrecord,Federal
congressionalresearch,Federal
connlegresearch,State
dallasfed,Federal
dcgov,Local
delawaregov,State
dhsgov,Federal
educationcommission,Local
epagov,Federal
fda,Federal
federalregister,Federal
federalresearchdivision,Federal
federalreserve,Federal
federalreservenewyork,Federal
fema,Federal
gaogov,Federal
georgialegsresearch,State
gpogov,Federal
houstontxgov,Local
illinoisgov,State
illinoislegresearch,State
indygov,Local
ingov,State
justicedepartment,Federal
kansascityfed,Federal
lacitygov,Local
marylandgov,State
massgov,State
medicaidgov,Federal
medicarecoveragedatabase,Federal
medicaregov,Federal
medpac,Federal
minneapolisfed,Federal
minnlegresearch,State
nacrhusa,Federal
nationalacademymedicine,Federal
nrelosti,Federal
nycgov,Local
nygov,State
opregovus,Federal
pagov,State
philadelphiafed,Federal
philagov,Local
phlcouncil,Local
pittsburghpagov,Local
richmondfed,Federal
sanantoniogov,Local
sanfranciscofed,Federal
seattlegov,Local
secgovus,Federal
sfgov,Local
southbendingov,Local
stateofalabama,State
stateofalaska,State
stateofarizona,State
stateofcolorado,State
stateofflorida,State
stateofgeorgia,State
stateofhawaiigov,State
stateofidaho,State
stateoflouisiana,State
stateofmichigan,State
stateofminnesota,State
stateofmissouri,State
stateofnewjersey,State
stateofnorthcarolina,State
stateofsouthcarolina,State
stateoftennessee,State
stateofvirginia,State
stateofwashington,State
stateofwisconsin,State
stlouisfed,Federal
surgeongeneral,Federal
texasgov,State
usaid,Federal
usbea,Federal
uscensusbureau,Federal
uspreventiveservices,Federal
ussupremecourt,Federal
whitehouse,Federal
stateofmaine,State
stateofvermont,State
stateofutah,State
stateofconnecticut,State
stateofnevada,State
stateofnebraska,State
stateofwestvirginia,State
stateofkentucky,State
stateofmontana,State
stateofoklahoma,State
stateofiowa,State
stateofnewhampshire,State
stateofsouthdakota,State
stateofnewmexico,State
stateofkansas,State
stateofohio,State
stateofarkansas,State
stateofnewyork,State
stateoforegon,State
stateofwyoming,State
stateofnorthdakota,State
stateofmississippi,State
ncslusa,State
congressgovusa,Federal
geologicalsurveyusa,Federal
cbousa,Federal
opmusa,Federal
edulinksusa,Federal
militaryhealthusa,Federal
nioshusa,Federal
ddiusa,Federal
nsfusa,Federal
usccgov,Federal
vcpgusa,Federal
millenniumcohortusa,Federal
