grant_id,n_products_total,n_products_with_doi,n_products_without_doi
R305A040043,47,10,37
R305A040056,20,17,3
R305A040082,30,16,14
R305A050004,11,2,9
R305A050056,21,8,13
R305A060010,28,1,27
R305A060021,57,43,14
R305A060034,83,11,72
R305A060044,19,17,2
R305A060067,119,39,80
R305A070063,11,7,4
R305A070117,2,1,1
R305A070185,4,2,2
R305A070324,4,4,0
R305A080133,6,5,1
R305A080196,4,3,1
R305A080253,9,8,1
R305A080326,15,15,0
R305A080347,7,7,0
R305A080459,4,4,0
R305A080479,7,6,1
R305A080512,11,8,3
R305A080608,8,6,2
R305A080627,1,1,0
R305A080631,6,6,0
R305A080696,4,4,0
R305A080699,15,13,2
R305A080700,4,1,3
R305A090032,1,1,0
R305A090039,1,0,1
R305A090094,7,7,0
R305A090150,1,1,0
R305A090162,1,1,0
R305A090209,1,1,0
R305A090212,1,1,0
R305A090294,2,1,1
R305A090353,1,1,0
R305A090369,3,3,0
R305A090438,14,13,1
R305A090446,2,1,1
R305A090481,1,0,1
R305A090527,7,5,2
R305A090528,7,5,2
R305A090533,6,3,3
R305A090555,19,17,2
R305A100058,2,2,0
R305A100066,5,1,4
R305A100116,4,1,3
R305A100342,46,40,6
R305A100367,13,8,5
R305A100381,3,2,1
R305A100445,2,0,2
R305A100568,1,1,0
R305A100596,2,2,0
R305A100654,8,8,0
R305A100670,3,2,1
R305A100971,2,1,1
R305A100995,3,1,2
R305A110085,17,8,9
R305A110112,5,3,2
R305A110136,8,7,1
R305A110149,2,2,0
R305A110204,2,1,1
R305A110252,1,1,0
R305A110297,1,1,0
R305A110358,10,8,2
R305A110609,1,1,0
R305A110685,2,0,2
R305A110703,9,9,0
R305A110809,1,1,0
R305A110967,1,0,1
R305A120045,1,0,1
R305A120125,67,32,35
R305A120145,5,5,0
R305A120184,1,1,0
R305A120262,1,1,0
R305A120269,4,1,3
R305A120288,3,1,2
R305A120466,1,0,1
R305A120631,3,3,0
R305A120677,3,3,0
R305A120781,16,13,3
R305A120809,1,0,1
R305A120810,2,2,0
R305A120811,3,2,1
R305A120812,18,15,3
R305A120813,12,11,1
R305A130011,8,8,0
R305A130044,6,2,4
R305A130107,5,5,0
R305A130125,6,1,5
R305A130143,24,23,1
R305A130195,4,0,4
R305A130336,4,4,0
R305A130400,6,2,4
R305A130700,3,3,0
R305A140059,10,6,4
R305A140070,6,5,1
R305A140092,7,5,2
R305A140121,3,0,3
R305A140189,13,12,1
R305A140221,1,1,0
R305A140253,3,3,0
R305A140340,9,2,7
R305A140356,8,8,0
R305A140361,15,7,8
R305A140363,1,1,0
R305A140378,2,2,0
R305A140488,3,0,3
R305A140559,3,3,0
R305A140692,1,1,0
R305A140698,1,1,0
R305A150043,6,2,4
R305A150046,2,2,0
R305A150057,3,3,0
R305A150058,7,6,1
R305A150088,1,1,0
R305A150108,5,2,3
R305A150142,3,2,1
R305A150169,7,5,2
R305A150200,2,2,0
R305A150207,2,2,0
R305A150221,44,38,6
R305A150243,11,8,3
R305A150253,6,0,6
R305A150325,4,4,0
R305A150407,18,17,1
R305A150429,2,2,0
R305A150463,1,0,1
R305A150477,3,3,0
R305A150488,7,6,1
R305A150517,3,3,0
R305A160013,6,5,1
R305A160026,3,3,0
R305A160060,4,2,2
R305A160082,7,7,0
R305A160109,4,2,2
R305A160111,2,2,0
R305A160140,5,3,2
R305A160166,33,26,7
R305A160177,3,2,1
R305A160188,10,3,7
R305A160223,1,1,0
R305A160241,1,1,0
R305A160242,7,5,2
R305A160255,2,2,0
R305A160261,14,12,2
R305A160263,6,6,0
R305A160273,5,2,3
R305A160346,2,1,1
R305A160388,1,1,0
R305A160400,1,1,0
R305A170044,2,1,1
R305A170047,10,8,2
R305A170052,2,2,0
R305A170068,1,1,0
R305A170074,1,1,0
R305A170111,6,6,0
R305A170114,8,8,0
R305A170139,5,3,2
R305A170152,2,2,0
R305A170160,8,1,7
R305A170171,1,1,0
R305A170180,9,9,0
R305A170241,1,1,0
R305A170243,32,20,12
R305A170250,6,0,6
R305A170288,3,0,3
R305A170471,4,0,4
R305A170498,2,0,2
R305A170523,2,2,0
R305A170529,5,5,0
R305A170635,6,6,0
R305A170640,1,1,0
R305A170641,17,7,10
R305A180004,7,6,1
R305A180050,1,1,0
R305A180060,1,1,0
R305A180154,7,4,3
R305A180181,14,12,2
R305A180182,7,6,1
R305A180212,2,2,0
R305A180224,2,2,0
R305A180227,1,1,0
R305A180241,1,1,0
R305A180259,5,4,1
R305A180290,5,3,2
R305A180293,2,2,0
R305A180326,1,1,0
R305A180336,3,2,1
R305A180374,1,1,0
R305A180377,2,1,1
R305A180401,66,43,23
R305A180429,7,6,1
R305A180513,1,0,1
R305A190065,5,4,1
R305A190088,1,1,0
R305A190162,4,4,0
R305A190168,2,1,1
R305A190256,6,4,2
R305A190360,4,1,3
R305A190478,1,1,0
R305A190521,4,4,0
R305A200035,1,1,0
R305A200060,6,0,6
R305A200101,10,5,5
R305A200254,4,2,2
R305A200297,1,1,0
R305A200307,1,0,1
R305A200436,1,1,0
R305A210008,2,0,2
R305A210017,3,1,2
R305A210130,1,1,0
R305A210157,2,1,1
R305A210269,2,1,1
R305A210276,4,0,4
R305A210286,7,0,7
R305A210292,1,0,1
R305A210412,1,1,0
R305A210462,1,1,0
R305A210506,1,0,1
R305A220036,3,0,3
R305A220107,9,8,1
R305A220281,1,1,0
R305B070074,32,28,4
R305B070354,1,1,0
R305B070542,6,5,1
R305B070702,1,0,1
R305C080009,4,4,0
R305C080015,8,1,7
R305C090022,12,6,6
R305C090023,16,12,4
R305C100023,29,13,16
R305C100024,52,23,29
R305C110011,68,15,53
R305C120001,60,29,31
R305C120008,81,24,57
R305C140007,42,2,40
R305C140008,17,6,11
R305C140018,21,15,6
R305C150007,30,15,15
R305C150017,15,4,11
R305C160004,31,24,7
R305C180025,74,18,56
R305C190004,17,0,17
R305C190007,21,19,2
R305C190014,15,15,0
R305C200008,24,5,19
R305C200012,5,5,0
R305C200016,8,7,1
R305C210003,6,1,5
R305E040085,14,14,0
R305E050052,1,0,1
R305E050135,2,1,1
R305E090003,2,0,2
R305E090005,4,3,1
R305E090009,11,5,6
R305E090019,3,0,3
R305E100008,12,8,4
R305E100013,3,1,2
R305E100030,29,26,3
R305E100043,4,3,1
R305E110019,2,2,0
R305E120003,4,4,0
R305E120006,3,2,1
R305E120010,17,9,8
R305E130009,2,2,0
R305E150005,2,2,0
R305E150006,18,2,16
R305F050051,2,2,0
R305F050117,1,0,1
R305F050122,2,2,0
R305F050223,1,0,1
R305F050245,2,2,0
R305F050284,5,4,1
R305F100002,27,23,4
R305F100005,60,41,19
R305F100007,35,26,9
R305F100013,80,78,2
R305F100026,40,35,5
R305F100027,37,35,2
R305G030140,2,1,1
R305G040089,1,0,1
R305G040103,3,3,0
R305G040104,4,3,1
R305G040145,1,0,1
R305G050005,16,15,1
R305G050216,5,4,1
R305H030031,5,3,2
R305H050036,3,2,1
R305H060042,8,7,1
R305H060080,9,7,2
R305H140028,3,2,1
R305H140065,7,1,6
R305H150027,36,30,6
R305H170006,2,0,2
R305H170042,3,2,1
R305H170085,14,3,11
R305H190004,7,2,5
R305H190035,14,3,11
R305H190036,15,3,12
R305J020014,1,1,0
R305J020020,1,1,0
R305J020026,2,2,0
R305J020027,2,2,0
R305J020039,1,0,1
R305J020040,1,0,1
R305J020051,1,0,1
R305J030037,2,2,0
R305J030084,12,11,1
R305J030093,3,2,1
R305J030103,1,0,1
R305K040001,1,0,1
R305K050004,4,2,2
R305K050045,3,1,2
R305K050157,38,22,16
R305K060142,2,2,0
R305L030003,4,4,0
R305L030004,9,7,2
R305L030162,8,6,2
R305M030052,4,1,3
R305M030090,2,2,0
R305M030099,1,1,0
R305M040086,2,2,0
R305M050031,2,0,2
R305M050226,1,1,0
R305R060022,19,10,9
R305R060059,9,2,7
R305R220012,12,9,3
R305R220024,3,3,0
R305S210005,2,0,2
R305S210008,4,0,4
R305S210026,5,0,5
R305S220003,4,2,2
R305T210046,1,1,0
R305W020002,1,1,0
R305W030036,1,1,0
R305W030257,2,1,1
R305W060016,2,2,0
R305W060027,4,4,0
R305X220016,2,1,1
R305X220018,3,0,3
R324A070118,11,10,1
R324A070181,6,4,2
R324A070183,3,1,2
R324A070206,5,5,0
R324A080026,3,3,0
R324A080037,22,22,0
R324A080071,13,10,3
R324A080195,11,11,0
R324A090044,2,2,0
R324A090052,6,6,0
R324A090091,1,1,0
R324A090104,7,5,2
R324A090111,9,8,1
R324A090179,14,11,3
R324A090181,4,4,0
R324A100022,11,11,0
R324A100115,24,15,9
R324A100174,1,1,0
R324A100215,11,11,0
R324A100225,2,2,0
R324A100305,10,8,2
R324A100391,7,7,0
R324A110018,1,1,0
R324A110027,3,3,0
R324A110048,1,0,1
R324A110053,2,2,0
R324A110135,6,6,0
R324A110173,19,17,2
R324A110183,2,2,0
R324A110246,1,1,0
R324A110256,2,2,0
R324A110353,1,0,1
R324A120027,1,1,0
R324A120041,3,3,0
R324A120097,2,1,1
R324A120153,5,5,0
R324A120169,3,3,0
R324A120178,4,3,1
R324A120232,2,0,2
R324A120260,5,4,1
R324A120291,11,11,0
R324A120304,27,19,8
R324A120344,17,12,5
R324A120358,5,4,1
R324A120365,5,4,1
R324A120410,1,1,0
R324A130066,9,9,0
R324A130180,7,6,1
R324A130216,16,15,1
R324A140003,2,0,2
R324A140005,5,5,0
R324A150021,2,1,1
R324A150047,7,7,0
R324A150076,2,2,0
R324A150078,27,26,1
R324A150094,1,1,0
R324A150103,17,17,0
R324A150138,2,1,1
R324A150179,6,5,1
R324A150221,6,5,1
R324A150269,14,13,1
R324A160008,2,1,1
R324A160017,2,2,0
R324A160042,2,1,1
R324A160046,9,7,2
R324A160136,2,2,0
R324A170008,12,10,2
R324A170069,16,16,0
R324A170086,14,13,1
R324A170101,8,8,0
R324A170148,8,8,0
R324A180005,2,2,0
R324A180037,2,2,0
R324A180091,11,6,5
R324A180221,2,1,1
R324A190046,3,1,2
R324A190072,3,3,0
R324A190145,1,1,0
R324A190154,4,4,0
R324A190177,1,1,0
R324A190239,2,2,0
R324A190240,3,3,0
R324A200007,5,3,2
R324A200063,3,3,0
R324A200101,1,1,0
R324A200140,2,2,0
R324A200151,2,1,1
R324A200154,2,2,0
R324A200176,4,4,0
R324A200179,5,5,0
R324A210021,3,3,0
R324A210266,3,2,1
R324A220161,2,2,0
R324A220215,1,1,0
R324B060003,1,1,0
R324B060029,3,2,1
R324B070219,12,11,1
R324C080006,26,22,4
R324C080011,28,27,1
R324C100004,51,38,13
R324C110004,39,20,19
R324C120001,13,10,3
R324C120006,56,36,20
R324D130003,33,24,9
R324E060067,9,8,1
R324E060068,1,1,0
R324E060086,1,1,0
R324E060088,12,11,1
R324G060005,2,2,0
R324N190002,12,12,0
R324N190012,2,2,0
R324R200003,1,1,0
R324R200005,1,1,0
R324S060043,4,1,3
R324X220067,1,1,0
